MODE,LINK
QUEUEEXP,https://footlocker.queue-it.net/?c=footlocker&e=cxcdtest02&t=https%3A%2F%2Fwww.footlocker.com%2Fsearch%3Fquery%3D6H053P85&cid=en-EN
QUEUEEXP,https://footlocker.queue-it.net/?c=footlocker&e=cxcdtest02&t=https%3A%2F%2Fwww.footlocker.com%2Fsearch%3Fquery%3D6H053P85&cid=en-EN
QUEUEEXP,https://footlocker.queue-it.net/?c=footlocker&e=cxcdtest02&t=https%3A%2F%2Fwww.footlocker.com%2Fsearch%3Fquery%3D6H053P85&cid=en-EN
QUEUEEXP,https://footlocker.queue-it.net/?c=footlocker&e=cxcdtest02&t=https%3A%2F%2Fwww.footlocker.com%2Fsearch%3Fquery%3D6H053P85&cid=en-EN
QUEUEEXP,https://footlocker.queue-it.net/?c=footlocker&e=cxcdtest02&t=https%3A%2F%2Fwww.footlocker.com%2Fsearch%3Fquery%3D6H053P85&cid=en-EN